{
    "erkek": "",
    "kadın": "",
    "erkekrolleri": "",
    "kadınrolleri": "",
    "Unregister": "",
    "kayıtsızRolleri": [""],
    "registeryetki": "",
    "banyetki": "",
    "jailyetki": "",
    "muteyetki": "",
    "botkomutyetki": "",
    "taglırol": "",
    "cezalı": "",
    "muteli": "",
    "yasaklıtag": "",
    "şüphelihesap": "",
    "EKO": "",
    "yetkilialımdm": "",
    "denemeyetkili": "",
    "booster": "",
    "vip": "",
    "vocal": "",
    "designer": "",
    "sponsor": "",
    "transport": ""
}